
--TBL_MEMBER
INSERT INTO TBL_MEMBER ( MNO, MNAME, PCODE, PSCHOOL, MJUMIN, MCITY)
    VALUES ('6', '잉후보', 'p2', '4,', '7803241000200', '수선화동');
INSERT INTO TBL_MEMBER ( MNO, MNAME, PCODE, PSCHOOL, MJUMIN, MCITY)
    VALUES ('7', '엥후보', 'P3', '1', '9311232568793', '수선화동');
INSERT INTO TBL_MEMBER ( MNO, MNAME, PCODE, PSCHOOL, MJUMIN, MCITY)
    VALUES ('8', '왕후보', 'P4', '2', '8304131356789', '수선화동');
INSERT INTO TBL_MEMBER ( MNO, MNAME, PCODE, PSCHOOL, MJUMIN, MCITY)
    VALUES ('9', '뭐후보', 'P4', '2', '7811221145678', '민들래동');
INSERT INTO TBL_MEMBER ( MNO, MNAME, PCODE, PSCHOOL, MJUMIN, MCITY)
    VALUES ('10', '왜후보', 'P5', '1', '8802142587412', '민들래동');
INSERT INTO TBL_MEMBER ( MNO, MNAME, PCODE, PSCHOOL, MJUMIN, MCITY)
    VALUES ('11', '나후보', 'P1', '2', '8908092365478', '나팔꽃동');
INSERT INTO TBL_MEMBER ( MNO, MNAME, PCODE, PSCHOOL, MJUMIN, MCITY)
    VALUES ('12', '너후보', 'P5', '2', '9012252525258', '나팔꽃동');
INSERT INTO TBL_MEMBER ( MNO, MNAME, PCODE, PSCHOOL, MJUMIN, MCITY)
    VALUES ('13', '갑후보', 'P1', '2', '8607282132132', '진달래동');
INSERT INTO TBL_MEMBER ( MNO, MNAME, PCODE, PSCHOOL, MJUMIN, MCITY)
    VALUES ('14', '을후보', 'P2', '3', '7906301234567', '진달래동');
INSERT INTO TBL_MEMBER ( MNO, MNAME, PCODE, PSCHOOL, MJUMIN, MCITY)
    VALUES ('15', '병후보', 'P3', '1', '6602171326547', '진달래동');
INSERT INTO TBL_MEMBER ( MNO, MNAME, PCODE, PSCHOOL, MJUMIN, MCITY)
    VALUES ('16', '정후보', 'P5', '2', '9503111359753', '진달래동');
INSERT INTO TBL_MEMBER ( MNO, MNAME, PCODE, PSCHOOL, MJUMIN, MCITY)
    VALUES ('17', '잠후보', 'P1', '1', '9908122365951', '개나리동');


--TBL_VOTE
INSERT INTO TBL_VOTE ( VJUMIN, VNAME, VTIME, VAREA, VCONFIRM, MNO)
    VALUES ('9001022342222', '왜사람', '0930', '제1투표장', 'Y', '3');
INSERT INTO TBL_VOTE ( VJUMIN, VNAME, VTIME, VAREA, VCONFIRM, MNO)
    VALUES ('6205111313133', '너도사람', '0930', '제1투표장', 'Y', '15');
INSERT INTO TBL_VOTE ( VJUMIN, VNAME, VTIME, VAREA, VCONFIRM, MNO)
    VALUES ('7812112020200', '나사람', '0930', '제2투표장', 'Y', '13');
INSERT INTO TBL_VOTE ( VJUMIN, VNAME, VTIME, VAREA, VCONFIRM, MNO)
    VALUES ('7705242129568', '잉유권', '1330', '제1투표장', 'Y', '11');
INSERT INTO TBL_VOTE ( VJUMIN, VNAME, VTIME, VAREA, VCONFIRM, MNO)
    VALUES ('6401021345987', '아이고', '1330', '제1투표장', 'Y', '7');
INSERT INTO TBL_VOTE ( VJUMIN, VNAME, VTIME, VAREA, VCONFIRM, MNO)
    VALUES ('7204142145951', '어이쿠', '1330', '제1투표장', 'Y', '6');
INSERT INTO TBL_VOTE ( VJUMIN, VNAME, VTIME, VAREA, VCONFIRM, MNO)
    VALUES ('9808251364798', '으아아', '0930', '제2투표장', 'Y', '8');
INSERT INTO TBL_VOTE ( VJUMIN, VNAME, VTIME, VAREA, VCONFIRM, MNO)
    VALUES ('2107291325645', '사람람', '0930', '제1투표장', 'Y', '11');
INSERT INTO TBL_VOTE ( VJUMIN, VNAME, VTIME, VAREA, VCONFIRM, MNO)
    VALUES ('6102051656987', '눈사람', '0930', '제1투표장', 'Y', '16');
INSERT INTO TBL_VOTE ( VJUMIN, VNAME, VTIME, VAREA, VCONFIRM, MNO)
    VALUES ('8005111313002', '논사람', '0930', '제1투표장', 'Y', '11');
INSERT INTO TBL_VOTE ( VJUMIN, VNAME, VTIME, VAREA, VCONFIRM, MNO)
    VALUES ('8808081811888', '넌사람', '0930', '제1투표장', 'Y', ',14');
INSERT INTO TBL_VOTE ( VJUMIN, VNAME, VTIME, VAREA, VCONFIRM, MNO)
    VALUES ('1404282195102', '저사람', '1330', '제2투표장', 'Y', '12');
INSERT INTO TBL_VOTE ( VJUMIN, VNAME, VTIME, VAREA, VCONFIRM, MNO)
    VALUES ('1102221221221', '가나다', '0930', '제2투표장', 'Y', '13');
INSERT INTO TBL_VOTE ( VJUMIN, VNAME, VTIME, VAREA, VCONFIRM, MNO)
    VALUES ('0212121211211', '나다라', '0930', '제1투표장', 'N', '11');
INSERT INTO TBL_VOTE ( VJUMIN, VNAME, VTIME, VAREA, VCONFIRM, MNO)
    VALUES ('0010102022020', '다라마', '1330', '제2투표장', 'Y', '17');
INSERT INTO TBL_VOTE ( VJUMIN, VNAME, VTIME, VAREA, VCONFIRM, MNO)
    VALUES ('0012291342565', '라마바', '1330', '제1투표장', 'Y', '15');
INSERT INTO TBL_VOTE ( VJUMIN, VNAME, VTIME, VAREA, VCONFIRM, MNO)
    VALUES ('9906241316544', '마바사', '0930', '제1투표장', 'Y', '13');
INSERT INTO TBL_VOTE ( VJUMIN, VNAME, VTIME, VAREA, VCONFIRM, MNO)
    VALUES ('9712111342937', '바사아', '0930', '제1투표장', 'Y', '13');
INSERT INTO TBL_VOTE ( VJUMIN, VNAME, VTIME, VAREA, VCONFIRM, MNO)
    VALUES ('0101292025200', '사아자', '0930', '제1투표장', 'Y', '10');
INSERT INTO TBL_VOTE ( VJUMIN, VNAME, VTIME, VAREA, VCONFIRM, MNO)
    VALUES ('8703011309080', '아자차', '0930', '제2투표장', 'Y', '8');
INSERT INTO TBL_VOTE ( VJUMIN, VNAME, VTIME, VAREA, VCONFIRM, MNO)
    VALUES ('7706292080740', '얄리얄리', '1330', '제2투표장', 'Y', '4');
INSERT INTO TBL_VOTE ( VJUMIN, VNAME, VTIME, VAREA, VCONFIRM, MNO)
    VALUES ('7302141300500', '얄라셩', '1330', '제2투표장', 'Y', '7');
INSERT INTO TBL_VOTE ( VJUMIN, VNAME, VTIME, VAREA, VCONFIRM, MNO)
    VALUES ('8306091300907', '얄라리', '0930', '제1투표장', 'Y', '11');
INSERT INTO TBL_VOTE ( VJUMIN, VNAME, VTIME, VAREA, VCONFIRM, MNO)
    VALUES ('0204062033060', '얄라', '0930', '제1투표장', 'Y', '12');
INSERT INTO TBL_VOTE ( VJUMIN, VNAME, VTIME, VAREA, VCONFIRM, MNO)
    VALUES ('9303212633063', '가가가', '0930', '제1투표장', 'Y', '14');
INSERT INTO TBL_VOTE ( VJUMIN, VNAME, VTIME, VAREA, VCONFIRM, MNO)
    VALUES ('9804062038386', '나나나', '0930', '제2투표장', 'Y', '15');
INSERT INTO TBL_VOTE ( VJUMIN, VNAME, VTIME, VAREA, VCONFIRM, MNO)
    VALUES ('9205061066665', '다다다', '0930', '제2투표장' ,'Y', '6');
INSERT INTO TBL_VOTE ( VJUMIN, VNAME, VTIME, VAREA, VCONFIRM, MNO)
    VALUES ('8101011102607', '라라라', '0930', '제1투표장', 'Y', '7');
INSERT INTO TBL_VOTE ( VJUMIN, VNAME, VTIME, VAREA, VCONFIRM, MNO)
    VALUES ('6203282347377', '마마마', '0930, /제1투표장', 'Y', '6');
INSERT INTO TBL_VOTE ( VJUMIN, VNAME, VTIME, VAREA, VCONFIRM, MNO)
    VALUES ('8808242133111', '바바바', '0930', '제1투표장', 'Y', '5');
INSERT INTO TBL_VOTE ( VJUMIN, VNAME, VTIME, VAREA, VCONFIRM, MNO)
    VALUES ('9912302100876', '사사사', '1330', '제2투표장', 'Y', '8');
INSERT INTO TBL_VOTE ( VJUMIN, VNAME, VTIME, VAREA, VCONFIRM, MNO)
    VALUES ('0802041064625', '아아아', '1330', '제2투표장', 'Y', '14');
INSERT INTO TBL_VOTE ( VJUMIN, VNAME, VTIME, VAREA, VCONFIRM, MNO)
    VALUES ('9878781414154', '자자자', '1330', '제1투표장', 'Y', '16');
INSERT INTO TBL_VOTE ( VJUMIN, VNAME, VTIME, VAREA, VCONFIRM, MNO)
    VALUES ('7505191643443', '차차차', '0930', '제1투표장', 'Y', '6');
INSERT INTO TBL_VOTE ( VJUMIN, VNAME, VTIME, VAREA, VCONFIRM, MNO)
    VALUES ('6809282525908', '카카카', '0930', '제1투표장', 'Y', '13');
INSERT INTO TBL_VOTE ( VJUMIN, VNAME, VTIME, VAREA, VCONFIRM, MNO)
    VALUES ('8706271133133', '타타타', '0930', '제1투표장', 'Y', '7');
INSERT INTO TBL_VOTE ( VJUMIN, VNAME, VTIME, VAREA, VCONFIRM, MNO)
    VALUES ('9904211346790', '파파파', '0930', '제2투표장', 'Y', '13');
INSERT INTO TBL_VOTE ( VJUMIN, VNAME, VTIME, VAREA, VCONFIRM, MNO)
    VALUES ('9302241011921', '하하하', '1330', '제2투표장', 'Y', '4');
INSERT INTO TBL_VOTE ( VJUMIN, VNAME, VTIME, VAREA, VCONFIRM, MNO)
    VALUES ('8601242120520', '왜그래', '0930' ,'제1투표장', 'Y', '9');
INSERT INTO TBL_VOTE ( VJUMIN, VNAME, VTIME, VAREA, VCONFIRM, MNO)
    VALUES ('78081242442446', '안그래', '0930', '제2투표장', 'Y', '10');
INSERT INTO TBL_VOTE ( VJUMIN, VNAME, VTIME, VAREA, VCONFIRM, MNO)
    VALUES ('9908112146446', '넌왜그래', '0930', '제2투표장', 'Y', '11');
INSERT INTO TBL_VOTE ( VJUMIN, VNAME, VTIME, VAREA, VCONFIRM, MNO)
    VALUES ('8303282233440', '뭐이래', '1330', '제2투표장', 'Y', '14');
INSERT INTO TBL_VOTE ( VJUMIN, VNAME, VTIME, VAREA, VCONFIRM, MNO)
    VALUES ('7308271560665', '아니', '0930', '제1투표장', 'Y', '12');
INSERT INTO TBL_VOTE ( VJUMIN, VNAME, VTIME, VAREA, VCONFIRM, MNO)
    VALUES ('6103222345654', '살려줘', '0930', '제1투표장', 'Y', '1');
INSERT INTO TBL_VOTE ( VJUMIN, VNAME, VTIME, VAREA, VCONFIRM, MNO)
    VALUES ('6603162020032', '놓아줘', '0930', '제2투표장', 'Y', '2');
INSERT INTO TBL_VOTE ( VJUMIN, VNAME, VTIME, VAREA, VCONFIRM, MNO)
    VALUES ('6610316510032', '해줘', '0930', '제2투표장', 'Y', '2');
INSERT INTO TBL_VOTE ( VJUMIN, VNAME, VTIME, VAREA, VCONFIRM, MNO)
    VALUES ('8712012030411', '뭐래줘', '0930', '제1투표장', 'Y','7');
INSERT INTO TBL_VOTE ( VJUMIN, VNAME, VTIME, VAREA, VCONFIRM, MNO)
    VALUES ('6004112869487', '다해줘', '1330', '제1투표장', 'Y', '9');
INSERT INTO TBL_VOTE ( VJUMIN, VNAME, VTIME, VAREA, VCONFIRM, MNO)
    VALUES ('8113222133551', '더해줘', '1330', '제1투표장', 'Y', '14');
INSERT INTO TBL_VOTE ( VJUMIN, VNAME, VTIME, VAREA, VCONFIRM, MNO)
    VALUES ('0102222133122', '잠온다', '0930', '제2투표장', 'Y', '13');
INSERT INTO TBL_VOTE ( VJUMIN, VNAME, VTIME, VAREA, VCONFIRM, MNO)
    VALUES ('0008091122334', '깨줘줘', '0930', '제1투표장', 'Y', '9');
INSERT INTO TBL_VOTE ( VJUMIN, VNAME, VTIME, VAREA, VCONFIRM, MNO)
    VALUES ('7906232258991', '람사', '0930', '제2투표장', 'Y', '7');
INSERT INTO TBL_VOTE ( VJUMIN, VNAME, VTIME, VAREA, VCONFIRM, MNO)
    VALUES ('8812251616222', '원격중', '1330', '제1투표장', 'Y', '9');
INSERT INTO TBL_VOTE ( VJUMIN, VNAME, VTIME, VAREA, VCONFIRM, MNO)
    VALUES ('7804252580557', '오전반', '0930', '제1투표장', 'Y', '10');
INSERT INTO TBL_VOTE ( VJUMIN, VNAME, VTIME, VAREA, VCONFIRM, MNO)
    VALUES ('7606151516332', '오후반', '0930', '제1투표장', 'Y', '4');
INSERT INTO TBL_VOTE ( VJUMIN, VNAME, VTIME, VAREA, VCONFIRM, MNO)
    VALUES ('8701251134643', '종일반', '1330', '제1투표장', 'Y', '8');
INSERT INTO TBL_VOTE ( VJUMIN, VNAME, VTIME, VAREA, VCONFIRM, MNO)
    VALUES ('8404141313098', '보충반', '0930', '제2투표장', 'Y', '6');
INSERT INTO TBL_VOTE ( VJUMIN, VNAME, VTIME, VAREA, VCONFIRM, MNO)
    VALUES ('6808292131329', '너무나', '0930', '제1투표장', 'Y', '7');
INSERT INTO TBL_VOTE ( VJUMIN, VNAME, VTIME, VAREA, VCONFIRM, MNO)
    VALUES ('6603301315200', '길구나', '0930', '제1투표장', 'Y', '12');
INSERT INTO TBL_VOTE ( VJUMIN, VNAME, VTIME, VAREA, VCONFIRM, MNO)
    VALUES ('8707052375353', '하하하', '1330', '제1투표장', 'Y', '9');
INSERT INTO TBL_VOTE ( VJUMIN, VNAME, VTIME, VAREA, VCONFIRM, MNO)
    VALUES ('9502091693667', '메가커', '0930', '제1투표장', 'Y', '1');
INSERT INTO TBL_VOTE ( VJUMIN, VNAME, VTIME, VAREA, VCONFIRM, MNO)
    VALUES ('8306221626087', '컴포즈', '0930', '제1투표장', 'Y', '13');
INSERT INTO TBL_VOTE ( VJUMIN, VNAME, VTIME, VAREA, VCONFIRM, MNO)
    VALUES ('7408192333303', '바나프', '0930', '제1투표장', 'Y', '9');
INSERT INTO TBL_VOTE ( VJUMIN, VNAME, VTIME, VAREA, VCONFIRM, MNO)
    VALUES ('8712031133133', '스타벅', '0930', '제2투표장', 'Y', '7');
INSERT INTO TBL_VOTE ( VJUMIN, VNAME, VTIME, VAREA, VCONFIRM, MNO)
    VALUES ('9308251357890', '잠을자', '1330', '제1투표장', 'Y', '16');
INSERT INTO TBL_VOTE ( VJUMIN, VNAME, VTIME, VAREA, VCONFIRM, MNO)
    VALUES ('9611022020200', '계속자', '0930', '제1투표장', 'Y', '11');
INSERT INTO TBL_VOTE ( VJUMIN, VNAME, VTIME, VAREA, VCONFIRM, MNO)
    VALUES ('8702111019283', '그만자', '0930', '제1투표장', 'Y', '8');
INSERT INTO TBL_VOTE ( VJUMIN, VNAME, VTIME, VAREA, VCONFIRM, MNO)
    VALUES ('8406112132121', '대머리', '0930', '제1투표장', 'Y', '2');
INSERT INTO TBL_VOTE ( VJUMIN, VNAME, VTIME, VAREA, VCONFIRM, MNO)
    VALUES ('7608221311233', '민머리', '0930', '제1투표장', 'Y', '13');
INSERT INTO TBL_VOTE ( VJUMIN, VNAME, VTIME, VAREA, VCONFIRM, MNO)
    VALUES ('9908072929299', '맨들맨', '0930', '제2투표장', 'Y', '8');
INSERT INTO TBL_VOTE ( VJUMIN, VNAME, VTIME, VAREA, VCONFIRM, MNO)
    VALUES ('9706281360820', '삼각형', '0930', '제1투표장', 'Y', '12');
INSERT INTO TBL_VOTE ( VJUMIN, VNAME, VTIME, VAREA, VCONFIRM, MNO)
    VALUES ('8810242050211', '사각형', '0930', '제2투표장', 'Y', '16');
INSERT INTO TBL_VOTE ( VJUMIN, VNAME, VTIME, VAREA, VCONFIRM, MNO)
    VALUES ('6906011212134', '오각형', '0930', '제2투표장', 'Y', '9');
INSERT INTO TBL_VOTE ( VJUMIN, VNAME, VTIME, VAREA, VCONFIRM, MNO)
    VALUES ('7311111133920', '육각형', '1330', '제1투표장', 'Y', '10');
INSERT INTO TBL_VOTE ( VJUMIN, VNAME, VTIME, VAREA, VCONFIRM, MNO)
    VALUES ('9105131010222', '팔각형', '1330', '제1투표장', 'Y', '11');
INSERT INTO TBL_VOTE ( VJUMIN, VNAME, VTIME, VAREA, VCONFIRM, MNO)
    VALUES ('9804271727177', '으에엙', '0930', '제1투표장', 'Y', '9');
INSERT INTO TBL_VOTE ( VJUMIN, VNAME, VTIME, VAREA, VCONFIRM, MNO)
    VALUES ('8606221365987', '난난나', '0930', '제1투표장', 'Y', '10');
INSERT INTO TBL_VOTE ( VJUMIN, VNAME, VTIME, VAREA, VCONFIRM, MNO)
    VALUES ('9807112789727', '난나난나', '0930', '제2투표장', 'Y', '7');
INSERT INTO TBL_VOTE ( VJUMIN, VNAME, VTIME, VAREA, VCONFIRM, MNO)
    VALUES ('6702212078740', '난난난난나', '0930', '제1투표장', 'Y', '15');
INSERT INTO TBL_VOTE ( VJUMIN, VNAME, VTIME, VAREA, VCONFIRM, MNO)
    VALUES ('9603182867909', '역삼역', '1330', '제1투표장', 'Y', '1');
INSERT INTO TBL_VOTE ( VJUMIN, VNAME, VTIME, VAREA, VCONFIRM, MNO)
    VALUES ('6302052525258', '강남역', '0930', '제1투표장', 'Y', '12');
INSERT INTO TBL_VOTE ( VJUMIN, VNAME, VTIME, VAREA, VCONFIRM, MNO)
    VALUES ('8112241313166', '삼성역', '0930', '제1투표장', 'Y', '13');
INSERT INTO TBL_VOTE ( VJUMIN, VNAME, VTIME, VAREA, VCONFIRM, MNO)
    VALUES ('9012181889887', '선릉역', '1330', '제2투표장', 'Y', '11');
INSERT INTO TBL_VOTE ( VJUMIN, VNAME, VTIME, VAREA, VCONFIRM, MNO)
    VALUES ('8712121212121', '부분적', '0930', '제1투표장', 'Y', '3');
INSERT INTO TBL_VOTE ( VJUMIN, VNAME, VTIME, VAREA, VCONFIRM, MNO)
    VALUES ('7602012440240', '으로맑음', '1330', '제1투표장', 'Y', '7');
INSERT INTO TBL_VOTE ( VJUMIN, VNAME, VTIME, VAREA, VCONFIRM, MNO)
    VALUES ('6406042000100', '삼십삽', '0930', '제1투표장', 'Y', '8');
INSERT INTO TBL_VOTE ( VJUMIN, VNAME, VTIME, VAREA, VCONFIRM, MNO)
    VALUES ('8711101000200', '지피티', '0930', '제1투표장', 'Y', '9');
INSERT INTO TBL_VOTE ( VJUMIN, VNAME, VTIME, VAREA, VCONFIRM, MNO)
    VALUES ('6702131133981', '일해줘', '1330', '제1투표장', 'Y', '11');
INSERT INTO TBL_VOTE ( VJUMIN, VNAME, VTIME, VAREA, VCONFIRM, MNO)
    VALUES ('5908112929200', '제발좀', '0930', '제1투표장', 'Y', '9');
INSERT INTO TBL_VOTE ( VJUMIN, VNAME, VTIME, VAREA, VCONFIRM, MNO)
    VALUES ('8505131320529', '그만할래', '0930', '제2투표장', 'Y', '16');
    
    
    
--TBL_GRADE
INSERT INTO TBL_GRADE ( MNO, GDATE, GSCHOOL_NAME)
    VALUES ('6', '2013-07-09', '잉잉대학원');
INSERT INTO TBL_GRADE ( MNO, GDATE, GSCHOOL_NAME)
    VALUES ('7', '2001-12-24', '국가검정고시');
INSERT INTO TBL_GRADE ( MNO, GDATE, GSCHOOL_NAME)
    VALUES ('8', '2011-04-06', 'K대학원');
INSERT INTO TBL_GRADE ( MNO, GDATE, GSCHOOL_NAME)
    VALUES ('9', '2010-04-03', 'H대학원');
INSERT INTO TBL_GRADE ( MNO, GDATE, GSCHOOL_NAME)
    VALUES ('10', '2009-02-26', '역삼고등학교');
INSERT INTO TBL_GRADE ( MNO, GDATE, GSCHOOL_NAME)
    VALUES ('11', '2015-03-03', '한강대학교');
INSERT INTO TBL_GRADE ( MNO, GDATE, GSCHOOL_NAME)
    VALUES ('12', '2019-03-04', '한강대학교');
INSERT INTO TBL_GRADE ( MNO, GDATE, GSCHOOL_NAME)
    VALUES ('13', '2001-03-02', 'KH대학교');
INSERT INTO TBL_GRADE ( MNO, GDATE, GSCHOOL_NAME)
    VALUES ('14', '2000-08-11', 'KH대학원');
INSERT INTO TBL_GRADE ( MNO, GDATE, GSCHOOL_NAME)
    VALUES ('15', '1998-12-22', '국가검정고시');
INSERT INTO TBL_GRADE ( MNO, GDATE, GSCHOOL_NAME)
    VALUES ('16', '2019-07-22', '역삼대학교');
INSERT INTO TBL_GRADE ( MNO, GDATE, GSCHOOL_NAME)
    VALUES ('17', '2021-02-18', '역삼고등학교');
    
commit;